keyword,sentiment_mean,sentiment_std,subjectivity_mean,subjectivity_std,counting
'Dürre',-0.6565919113919267,0.36481647233830405,0.7152411949557343,1.3481762259387464,4.0
'Ernte',-0.2655436512428036,1.0,-0.48753809040127705,1.0,1.0
'Herbst',0.04505250932764058,0.9055607358195853,0.26941747067969396,1.2557823534469459,25.0
'Schnee',-0.23099299814694682,0.7289430087693798,0.21625961353939907,0.8750611539025036,3.0
'Sommer',0.1313323161191156,0.8008095432050456,-0.4047687562480446,0.03790698088602539,4.0
'Winter',0.01645447405320928,0.9110413179272115,-0.06604464553588658,0.782678463601972,132.0
