topic,sentiment_mean,sentiment_std,subjectivity_mean,subjectivity_std,counting
Frühling,0.04700935883803585,0.9289668784623879,-0.10914939087726128,0.8146947228303818,161.0
Herbst,0.08195698309603476,0.9708036762482396,0.03132560568738847,1.039263198304488,407.0
Sommer,-0.06190934975494254,1.0502135056925173,0.01561422649155014,1.0003878878231036,344.0
Winter,-0.025592941501348138,0.924520714326191,0.002804981117237364,0.9516818869975547,648.0
