topic,sentiment_mean,sentiment_std,subjectivity_mean,subjectivity_std,counting
Frühling,-0.09269013606000852,0.38111642354425074,-0.2382376630717572,0.7305451300151069,2.0
Herbst,-0.06504935994220866,0.948773462794537,-0.0068079498941017,0.9266080802896832,47.0
Sommer,-0.2081398970421294,0.7378345233595862,0.1551839552576772,1.0538652896165206,37.0
Winter,0.02319793705705948,0.970797359142558,-0.009627664372806518,0.9540411715803563,432.0
