topic,sentiment_mean,sentiment_std,subjectivity_mean,subjectivity_std,counting
Frühling,0.13810516544765367,1.0,-0.7279513393372646,1.0,1.0
Herbst,0.014345007632926326,0.8305794382449213,0.026189720707119425,0.9451098223141724,38.0
Sommer,-0.2086045996590386,0.7255935089557636,0.1142965029363267,1.0939446558897061,27.0
Winter,0.01403144098827364,0.9708429013096405,-0.005740147034851716,0.9356796404373329,320.0
